{
  "recon_variable" : {
    "blockSize" : 32,
    "vector" : 3,
    "condition" : 7,
    "base" : [
      1.0000000, 0.0000000, 0.000000,
      0.0, 1.0000, 0.000000,
      0.000000, 0.0,  1.00000,
      0.56718592, 0.58733821,  0.57735,
      0.58733821, -0.56718592, -0.57735,
      -0.58733821, 0.56718592, -0.57735,
      -0.56718592, -0.58733821,  0.57735
    ]
  },

  "phaseCT" : {
    "proj_path": "../proj_raw_bin/phase_lens/lens_dph",
    "vol_path": "../volume_bin/phase_lens/gradIR",
    "direc_path": "none",
    "sod": 1316.5,
    "sdd": 1819.6,
    "proj": 360,
    "num_det_u": 1344,
    "num_det_v": 1344,
    "det_size": 0.0581777777,
    "num_voxel": 512,
    "rot": 1,
    "matrixRot": [
      1.0, 0.0, 0.0,
      0.0, 1.0, 0.0,
      0.0, 0.0, 1.0
    ],
    "vecTrans": [
      0.000000, 0.000000, 0.000000
    ],
    "areaTrans": [
      0.00000, 0.0000, 0.0000
    ],
    "offset": [
      0.13932532244, 0.0, 0.0
    ],
    "sorting": false
  },

  "cfrp_7d_13rot" : {
    "proj_path": "../proj_raw_bin/cfrp_xyz7_13axis/SC/cfrp_ax",
    "vol_path": "../volume_bin/cfrp_xyz7_13axis/tw_1cond",
    "direc_path": "../volume_bin/cfrp_xyz7_13axis/pca/tw_1cond_md",
    "sod": 1316.5,
    "sdd": 1819.6,
    "proj": 360,
    "num_det_u": 512,
    "num_det_v": 512,
    "det_size": 0.0581777777,
    "num_voxel": 196,
    "rot": 13,
    "matrixRot": [
      1.0, 0.0, 0.0,
      0.0, 1.0, 0.0,
      0.0, 0.0, 1.0,

      -0.000552, 0.006307, 0.999980,
      0.023895, 0.999695, -0.006292,
      -0.999714, 0.023891, -0.000702,

      0.999871, -0.014547, 0.006782,
      -0.006722, 0.004116, 0.999969,
      -0.014575, -0.999886, 0.004018,

      0.720703, 0.493574, 0.486797,
      0.006698, 0.697211, -0.716834,
      -0.693211, 0.519885, 0.499176,

      0.703219, -0.506243, 0.499201,
      0.012252, 0.710662, 0.703428,
      -0.710868, -0.488547, 0.505953,

      0.706979, -0.498873, -0.501305,
      -0.006507, 0.704206, -0.709966,
      0.707204, 0.505193, 0.494613,

      0.698490, 0.511064, -0.500926,
      -0.004132, 0.702857, 0.711319,
      0.715608, -0.494779, 0.493050,

      0.999693, -0.021268, -0.012662,
      0.005689, 0.695291, -0.718706,
      0.024089, 0.718414, 0.695198,

      0.999995, -0.001301, 0.002725,
      -0.000972, 0.715576, 0.698535,
      -0.002859, -0.698534, 0.715571,

      -0.702212, 0.022001, 0.711628,
      0.043914, 0.998958, 0.012449,
      -0.710612, 0.039992, -0.702446,

      0.691968, -0.012794, 0.721815,
      0.023730, 0.999706, -0.005029,
      -0.721538, 0.020608, 0.692068,

      0.000154, -0.709452, 0.704754,
      0.022717, 0.704574, 0.709266,
      -0.999742, 0.015901, 0.016225,

      -0.007942, 0.713845, 0.700259,
      0.020710, 0.700248, -0.713599,
      -0.999754, 0.008835, -0.020344
    ],

    "vecTrans": [
      0.000000, 0.000000, 0.000000,
      -1.145784, 0.077094, 1.254997,
      0.007459, -3.800062, 5.176219,
      1.390429, -4.184601, 2.559956,
      -0.943456, -3.457834, 0.168492,
      -1.472422, -4.161588, 2.624185,
      0.910584, -3.488622, 0.321560,
      0.006049, -1.054693, 0.351762,
      -0.023905, -3.208032, -0.429255,
      0.452851, 0.014242, 0.875763,
      0.312997, -0.016371, 1.647433,
      -0.633118, -2.977124, 1.045029,
      -0.273619, -1.497912, 1.055318
    ],

    "areaTrans": [
      0.00000, 3.367, 0.0000
    ],

    "offset": [
      0.11996289, 0.0, 0.0,
      0.12796041, 0.0, 0.0,
      0.12880226, 0.0, 0.0,
      0.08502632, 0.0, 0.0,
      0.12080473, 0.0, 0.0,
      0.1098607, 0.0, 0.0,
      0.1258558, 0.0, 0.0,
      0.0963912, 0.0, 0.0,
      0.1208047, 0.0, 0.0,
      0.1022841, 0.0, 0.0,
      0.1199628, 0.0, 0.0,
      0.0900773, 0.0, 0.0,
      0.0942866, 0.0, 0.0
    ],

    "index": [
      0, 1, 2, 3, 4, 5, 6, 11
    ],
    "sorting" : true
  },
  "cfrp_7d_6rot" : {
    "proj_path": "../proj_raw_bin/cfrp_xyz7_mark/SC/CFRP_XYZ7_AXIS",
    "vol_path": "../volume_bin/cfrp_xyz7_mark/vol_xtt",
    "direc_path": "../volume_bin/cfrp_xyz7_mark/pca/md_xtt",
    "sod": 1003.0,
    "sdd": 1458.0,
    "proj": 360,
    "num_det_u": 350,
    "num_det_v": 350,
    "det_size": 0.0748,
    "num_voxel": 350,
    "rot": 6,
    "matrixRot": [
      1.0, 0.0, 0.0,
      0.0, 1.0, 0.0,
      0.0, 0.0, 1.0,

      0.064387, 0.008937, -0.997885,
      0.021271, 0.999721, 0.010326,
      0.997698, -0.021891, 0.064179,

      0.998553, 0.049504, -0.021018,
      -0.022439, 0.028334, -0.999347,
      -0.048876, 0.998372, 0.029404,

      0.040532, -0.875220, -0.482024,
      0.814624, -0.250399, 0.523153,
      -0.578572, -0.413872, 0.702826,

      0.796767, -0.297876, -0.525768,
      -0.094836, 0.797644, -0.595626,
      0.596799, 0.524437, 0.607286,

      0.645614, -0.418700, 0.638650,
      -0.085214, 0.791575, 0.605101,
      -0.758895, -0.445083, 0.475373
    ],
    "vecTrans": [
      0.0, 0.0, 0.0,
      3.187846, 0.118894, 2.181062,
      1.097470, 2.889862, 2.313975,
      2.540399, -1.845656, 0.654514,
      2.785375, 2.035686, 0.739872,
      -0.743207, -1.481425, 0.917192
    ],
    "areaTrans": [
      0.00000, 0.0, 0.0000
    ],
    "offset": [
      -0.74426, 0.0, 0.0,
      -0.76894, 0.0, 0.0,
      -0.767448, 0.0, 0.0,
      -0.832524, 0.0, 0.0,
      -0.772684, 0.0, 0.0,
      -0.78540, 0.0, 0.0
    ],
     "sorting": false
  },
  "simulation" : {
    "proj_path": "../proj_raw_bin/simulation/proj_13axis_+x+y+z",
    "vol_path": "../volume_bin/simulation/sequence_13axis/xtt_vol",
    "direc_path": "../volume_bin/simulation/sequence_13axis/pca/md_xtt",
    "sod": 1316.5,
    "sdd": 1819.6,
    "proj": 360,
    "num_det_u": 512,
    "num_det_v": 512,
    "det_size": 0.0581777777,
    "num_voxel": 192,
    "rot": 13,
    "matrixRot": [
      1.0, 0.0, 0.0,
      0.0, 1.0, 0.0,
      0.0, 0.0, 1.0,

      -0.000552, 0.006307, 0.999980,
      0.023895, 0.999695, -0.006292,
      -0.999714, 0.023891, -0.000702,

      0.999871, -0.014547, 0.006782,
      -0.006722, 0.004116, 0.999969,
      -0.014575, -0.999886, 0.004018,

      0.720703, 0.493574, 0.486797,
      0.006698, 0.697211, -0.716834,
      -0.693211, 0.519885, 0.499176,

      0.703219, -0.506243, 0.499201,
      0.012252, 0.710662, 0.703428,
      -0.710868, -0.488547, 0.505953,

      0.706979, -0.498873, -0.501305,
      -0.006507, 0.704206, -0.709966,
      0.707204, 0.505193, 0.494613,

      0.698490, 0.511064, -0.500926,
      -0.004132, 0.702857, 0.711319,
      0.715608, -0.494779, 0.493050,

      0.999693, -0.021268, -0.012662,
      0.005689, 0.695291, -0.718706,
      0.024089, 0.718414, 0.695198,

      0.999995, -0.001301, 0.002725,
      -0.000972, 0.715576, 0.698535,
      -0.002859, -0.698534, 0.715571,

      -0.702212, 0.022001, 0.711628,
      0.043914, 0.998958, 0.012449,
      -0.710612, 0.039992, -0.702446,

      0.691968, -0.012794, 0.721815,
      0.023730, 0.999706, -0.005029,
      -0.721538, 0.020608, 0.692068,

      0.000154, -0.709452, 0.704754,
      0.022717, 0.704574, 0.709266,
      -0.999742, 0.015901, 0.016225,

      -0.007942, 0.713845, 0.700259,
      0.020710, 0.700248, -0.713599,
      -0.999754, 0.008835, -0.020344
    ],
    "vecTrans": [
      0.000000, 0.000000, 0.000000,
      0.000000, 0.000000, 0.000000,
      0.000000, 0.000000, 0.000000,
      0.000000, 0.000000, 0.000000,
      0.000000, 0.000000, 0.000000,
      0.000000, 0.000000, 0.000000,
      0.000000, 0.000000, 0.000000,
      0.000000, 0.000000, 0.000000,
      0.000000, 0.000000, 0.000000,
      0.000000, 0.000000, 0.000000,
      0.000000, 0.000000, 0.000000,
      0.000000, 0.000000, 0.000000,
      0.000000, 0.000000, 0.000000
    ],

    "areaTrans": [
      0.0, 0.0, 0.0
    ],